{"model_version":"ms_building_presence_v1","feature_columns":["r_mean","r_std","g_mean","g_std","b_mean","b_std","brightness_hist_0","brightness_hist_1","brightness_hist_2","brightness_hist_3","brightness_hist_4","brightness_hist_5","brightness_hist_6","brightness_hist_7","brightness_hist_8","brightness_hist_9","brightness_hist_10","brightness_hist_11","edge_density_x","edge_density_y","edge_density_total","gray_variance","green_excess","roof_tone_pct","dark_shadow_pct"],"scaler_mean":[0.2854794918,0.1369120183,0.338444167,0.1225696866,0.2303337463,0.1105241661,1.0190688783,2.0050368665,2.8060960535,2.0662625711,1.8002110005,1.0980467441,0.5727677757,0.3014189237,0.1625793845,0.0649841464,0.0322814787,0.0712463549,0.0303778716,0.0281214293,0.0584993008,0.0174782963,0.0805375479,0.3123104095,0.2873592377],"scaler_scale":[0.1209953386,0.0586335785,0.0946289763,0.0480153475,0.0910603003,0.0517019965,1.2654942932,1.5293227096,1.8645862671,1.2809007452,1.7214453153,1.2886044515,0.8467194457,0.5319762628,0.4082293107,0.1518781573,0.0846818166,0.2968284482,0.0091911273,0.0087252032,0.0175843079,0.0142774758,0.0204299763,0.2606690552,0.2177505204],"coef":[-0.1548735927,-0.0938203587,0.0173446977,1.0429347568,0.3170299735,0.4087083462,-0.0769868084,0.0499430404,-0.2108445816,0.6632953852,-0.1762477593,-0.2402288639,0.3927603657,0.1504790692,-0.6040519602,-0.1479359964,-0.509493932,0.2598339894,-0.4130439924,0.3371295716,-0.0486125337,-0.1157594375,-0.1675776309,0.0362406187,-0.0145044672],"intercept":-0.0396278986,"classification_threshold":0.5}